voornaam,achternaam
Henk,De Vries
Arjen,Jansen
Jan,Bakker
Alwin,Smit
Bert,Visser
Johan,Timmermans
Pieter,Kuipers
Karel,Vermeer
Willem,Hendriks
Daan,Meijer
Sjoerd,Klein
Tom,Dijk
Koen,Poldervaart
Tjitske,Lange
Lars,Nijssen
Martijn,Brouwer
Hendrik,Van Dijk
Marcel,Janssen
Gerrit,Schoonhoven
Ruben,Ramskamp
Joris,Van der Meer
Marten,De Groot
Niels,Boer
Sander,De Boer
Frits,Hulst
Gerhard,Vermeulen
Evert,Hoekstra
Maarten,Van den Berg
Jan-Willem,Andersson
Thijs,Van Leeuwen
Guus,Veldkamp
Herman,Stroop
Gilles,Adams
Stijn,Dubois
Jeroen,Bruinsma
Wim,Hofmann
Sjaak,De Roos
Koenraad,Maas
Fleur,Langeveld
Piet,Boersma
Jelte,Van der Linde
Tjark,Schoonbeek
Bram,Rijkhoff
Lars,Schipper
Nico,Verhoeven
Gijs,Timmer
Dolf,De Jong
Roel,Meijerink
Jan-Pieter,Den Boer
Sjoerd,Brugman
Wouter,Vander Meer
Kees,Lijphart
Erik,Van Dijk
Jorn,De Witte
Mark,Boekhoudt
Joost,Schrijnveld
Arno,Schaap
Geert,Vermeiren
Johan,Van de Velde
Thies,Pieters
Boris,Kruis
Milan,Ros
Tommy,Bakker
Elias,Huygens
Sven,Wouters
Niek,Timmerman
Gilles,Dijkstra
Quinten,De Groot
Jasper,De Bruin
Lodewijk,Scheepers
Adriaan,Vink
Hendrikus,Kooij
Willemijn,Vermeulen
Klaas,Bakker
Rens,Lange
Tijs,Timmer
Bram,Jansen
Joeri,Dijk
Gert-Jan,Boersma
Pietje,De Vries
Hermanus,Ramskamp
Jan-William,Smit
Jeroen,Visser
Larsen,Nijssen
Niels,Vermeulen
Olivier,Van der Linde
Sjoerdt,Brouwer
Teun,Veldkamp
Willem-Jan,Klein
Boris,De Boer
Karelien,Timmermans
Pieter-Jan,Hendriks
Rijk,Langeveld
Stefan,Janssen
Vince,Rijks
Xander,Boer
Yannick,Verhoeven
Zeev,De Jong
Alba,Van den Berg
Bo,Schoonbeek
Ariane,De Klerk
Boris,Stam
Coen,Wouters
Daan,De Vries
Elias,Boersma
Frits,Timmermans
Gilles,Van Dijk
Hendrik,Vermeer
Ivo,Kuipers
Jeroen,Smit
Karel,Jansen
Lars,Bakker
Martijn,Visser
Nils,Wouters
Pieter,Klein
Quinten,De Boer
Ruben,Maas
Sjoerd,Timmerman
Tom,Veldkamp
Willem,Boer
Xander,Ramskamp
Yannick,Janssen
Zeev,Vermeulen
Arjan,Lange
Bram,Scheepers
Cees,Brouwer
Dirk,De Vries
Evert,Meijer
Fleur,Hendriks
Gerrit,Poldervaart
Herman,Klein
Ivo,Visser
Joris,Timmermans
Karelien,Boersma
Larsen,Wouters
Maarten,Rijks
Niels,De Groot
Olivier,Vermeer
Piet,Van Dijk
Quinten,Jansen
Rens,Bakker
Sjoerdt,Kuipers
Tjark,Scheepers
Uwe,Visser
Vince,Timmermans
Willem-Jan,Boer
Xander,Ramskamp
Yannick,Poldervaart
Zeev,Lange
Alba,Klein
Boris,De Vries
Coen,Vermeer
Daan,Bakker
Elias,Smit
Frits,Visser
Gilles,Timmermans
Hendrik,Boersma
Ivo,Rijks
Jeroen,Kuipers
Karelien,Lange
Lars,Meijer
Martijn,Poldervaart
Nils,Wouters
Pieter,De Groot
Quinten,Veldkamp
Ruben,Brouwer
Sjoerdt,Visser
Tom,Timmermans
Willem,Boer
Xander,Klein
Yannick,Lange
Zeev,Vermeer