plaatsnaam,provincie
s Gravenmoer,Noord-Brabant
Aadorp,Overijssel
Aagtekerke,Zeeland
Aalbeek,Limburg
Aalden,Drenthe
Aaldonk,Limburg
Aalsmeer,Noord-Holland
Aalsmeerderbrug,Noord-Holland
Aalst,Gelderland
Aalst,Noord-Brabant
Aalsum,Groningen
Aalsum / Ealsum,Fryslân
Aalten,Gelderland
Aam,Gelderland
Ter Aar,Zuid-Holland
Ter Aard,Drenthe
Aardenburg,Zeeland
Aarlanderveen,Zuid-Holland
Aarle-Rixtel,Noord-Brabant
Aartswoud,Noord-Holland
Abbega / Abbegea,Fryslân
Abbekinderen,Zeeland
Abbenbroek,Zuid-Holland
Abbenes,Noord-Holland
Abcoude,Utrecht
Absdale,Zeeland
Abshoven,Limburg
Achlum,Fryslân
Achterberg,Utrecht
Achterbosch,Noord-Brabant
Achterbroek,Zuid-Holland
Achterbroek,Noord-Brabant
Achterdijk,Noord-Brabant
Achterdijk,Utrecht
Achterdrempt,Gelderland
Achterhoek,Overijssel
Achterhoek,Gelderland
Achterveld,Gelderland
Achterveld,Utrecht
Achthuizen,Zuid-Holland
Achtmaal,Noord-Brabant
Acquoy,Gelderland
Adorp,Groningen
Aduard,Groningen
Aegum / Eagum,Fryslân
Aekinga,Fryslân
Aerdt,Gelderland
Aerdenhout,Noord-Holland
Afferden,Limburg
Afferden,Gelderland
Agelo,Overijssel
Aijen,Limburg
Akersloot,Noord-Holland
Akkrum,Fryslân
Akmarijp / Eagmaryp,Fryslân
Albergen,Overijssel
Alblasserdam,Zuid-Holland
Aldeboarn,Fryslân
Aldtsjerk / Oudkerk,Fryslân
Alem,Gelderland
Alkmaar,Noord-Holland
Almelo,Overijssel
Almen,Gelderland
Almere,Flevoland
Almkerk,Noord-Brabant
Alphen,Noord-Brabant
Alphen,Gelderland
Alphen aan den Rijn,Zuid-Holland
Alteveer,Drenthe
Alteveer,Drenthe
Alteveer,Groningen
Alteveer,Groningen
Altforst,Gelderland
Alverna,Gelderland
Ambt delden,Overijssel
Ameide,Utrecht
Amen,Drenthe
America,Limburg
Amerongen,Utrecht
Amersfoort,Utrecht
Ammerstol,Zuid-Holland
Ammerzoden,Gelderland
Amstelhoek,Utrecht
Amstelveen,Noord-Holland
Amstenrade,Limburg
Amsterdam,Noord-Holland
Andel,Noord-Brabant
Andelst,Gelderland
Anderen,Drenthe
Andijk,Noord-Holland
Angeren,Gelderland
Angerlo,Gelderland
Anjum / Eanjum,Fryslân
Ankeveen,Noord-Holland
Anloo,Drenthe
Annen,Drenthe
Annerveenschekanaal,Drenthe
Ansen,Drenthe
Ter Apel,Groningen
Apeldoorn,Gelderland
Ter Apelkanaal,Groningen
Appelscha / Appelskea,Fryslân
Appeltern,Gelderland
Appingedam,Groningen
Arcen,Limburg
Arkel,Zuid-Holland
Arnhem,Gelderland
Arriën,Overijssel
Arum,Fryslân
Asch,Gelderland
Asperen,Gelderland
Assen,Drenthe
Assendelft,Noord-Holland
Asten,Noord-Brabant
Augsbuurt,Fryslân
Augustinusga / Stynsgea,Fryslân
Austerlitz,Utrecht
Avenhorn,Noord-Holland
Axel,Zeeland
Azewijn,Gelderland
Baak,Gelderland
Baambrugge,Utrecht
Baard / Baerd,Fryslân
Baarland,Zeeland
Baarle-Nassau,Noord-Brabant
Baarlo,Limburg
Baarlo,Overijssel
Baarn,Utrecht
Baars,Overijssel
Babberich,Gelderland
Babyloniënbroek,Noord-Brabant
Bad Nieuweschans,Groningen
Badhoevedorp,Noord-Holland
Baexem,Limburg
Baflo,Groningen
Bakel,Noord-Brabant
Bakhuizen / Bakhúzen,Fryslân
Bakkeveen / Bakkefean,Fryslân
Balgoij,Gelderland
Balinge,Drenthe
Balk,Fryslân
Balkbrug,Overijssel
Balloo,Drenthe
Ballum,Fryslân
Baneheide,Limburg
Banholt,Limburg
Bant,Flevoland
Bantega / Bantegea,Fryslân
Barchem,Gelderland
Barendrecht,Zuid-Holland
Barger-Compascuum,Drenthe
Barneveld,Gelderland
Basse,Overijssel
Batenburg,Gelderland
Bath,Zeeland
Bathmen,Overijssel
Bavel,Noord-Brabant
Bedum,Groningen
Beegden,Limburg
Beek,Limburg
Beek,Gelderland
Beek,Gelderland
Beek en Donk,Noord-Brabant
Beekbergen,Gelderland
Beemte Broekland,Gelderland
Beers,Noord-Brabant
Beerta,Groningen
Beerze,Overijssel
Beerzerveld,Overijssel
Beesd,Gelderland
Beesel,Limburg
Beets,Noord-Holland
Beetsterzwaag / Beetstersweach,Fryslân
Beilen,Drenthe
Beinsdorp,Noord-Holland
Belfeld,Limburg
Bellingwolde,Groningen
Belt-Schutsloot,Overijssel
Beltrum,Gelderland
Bemelen,Limburg
Bemmel,Gelderland
Beneden-Leeuwen,Gelderland
Bennebroek,Noord-Holland
Bennekom,Gelderland
Benneveld,Drenthe
Benningbroek,Noord-Holland
Benschop,Utrecht
Bentelo,Overijssel
Benthuizen,Zuid-Holland
Bentveld,Noord-Holland
Berg en Dal,Gelderland
Berg en Terblijt,Limburg
Bergambacht,Zuid-Holland
Bergeijk,Noord-Brabant
Bergen,Noord-Holland
Bergen,Limburg
Bergen aan Zee,Noord-Holland
Bergen op Zoom,Noord-Brabant
Bergentheim,Overijssel
Bergharen,Gelderland
Berghem,Noord-Brabant
Bergschenhoek,Zuid-Holland
Beringe,Limburg
Berkel en Rodenrijs,Zuid-Holland
Berkel-Enschot,Noord-Brabant
Berkenwoude,Zuid-Holland
Berkhout,Noord-Holland
Berlicum,Noord-Brabant
Berltsum / Berlikum,Fryslân
Best,Noord-Brabant
Beuningen,Gelderland
Beuningen,Overijssel
Beusichem,Gelderland
Beutenaken,Limburg
Beverwijk,Noord-Holland
Biddinghuizen,Flevoland
Bierum,Groningen
Biervliet,Zeeland
Biest-Houthakker,Noord-Brabant
Biezelinge,Zeeland
Biggekerke,Zeeland
Bingelrade,Limburg
Bitgum / Beetgum,Fryslân
Bitgummole / Beetgumermolen,Fryslân
Bladel,Noord-Brabant
Blankenham,Overijssel
Blaricum,Noord-Holland
Blauwe Sluis,Noord-Brabant
Blauwhuis / Blauhûs,Fryslân
Blauwestad,Groningen
Bleiswijk,Zuid-Holland
Bleskensgraaf,Zuid-Holland
De Blesse,Fryslân
Blessum,Fryslân
Blije / Blija,Fryslân
Blijham,Groningen
Blitterswijck,Limburg
Bloemendaal,Noord-Holland
Blokker,Noord-Holland
Blokzijl,Overijssel
Boazum / Bozum,Fryslân
Bocholtz,Limburg
Bodegraven,Zuid-Holland
Boekel,Noord-Brabant
Boelenslaan / Boelensloane,Fryslân
Boer,Fryslân
Ten Boer,Groningen
Boerakker,Groningen
Boerdonk,Noord-Brabant
Boijl / Boyl,Fryslân
Boksum,Fryslân
Bolsward / Boalsert,Fryslân
Den Bommel,Zuid-Holland
Bontebok,Fryslân
Boornbergum / Boarnburgum,Fryslân
Boornzwaag / Boarnsweach,Fryslân
Borculo,Gelderland
Borger,Drenthe
Borgercompagnie,Groningen
Borgsweer,Groningen
Born,Limburg
Borne,Overijssel
Bornerbroek,Overijssel
Bornwird / Boarnwert,Fryslân
Borssele,Zeeland
Bosch en Duin,Utrecht
Boschoord,Drenthe
Boskoop,Zuid-Holland
Bosschenhoofd,Noord-Brabant
Bourtange,Groningen
Boven-Leeuwen,Gelderland
Bovenkarspel,Noord-Holland
Bovensmilde,Drenthe
Boxmeer,Noord-Brabant
Boxtel,Noord-Brabant
Braamt,Gelderland
Brakel,Gelderland
Brand,Noord-Brabant
Brandwijk,Zuid-Holland
Brantgum,Fryslân
Breda,Noord-Brabant
Bredevoort,Gelderland
Breedenbroek,Gelderland
Breezand,Noord-Holland
Breezanddijk,Fryslân
Breskens,Zeeland
Breukelen,Utrecht
Brielle,Zuid-Holland
Britsum,Fryslân
Britswert / Britswerd,Fryslân
Broek in Waterland,Noord-Holland
Broek op Langedijk,Noord-Holland
Broekhuizen,Limburg
Broekhuizen,Drenthe
Broekhuizenvorst,Limburg
Broekland,Overijssel
Broeksterwâld / Broeksterwoude,Fryslân
Bronkhorst,Gelderland
Bronneger,Drenthe
Bronnegerveen,Drenthe
Brouwershaven,Zeeland
Bruchem,Gelderland
Brucht,Overijssel
Bruchterveld,Overijssel
Bruinehaar,Overijssel
Bruinisse,Zeeland
Brummen,Gelderland
Brunssum,Limburg
Bruntinge,Drenthe
Buchten,Limburg
Budel,Noord-Brabant
Budel-Dorplein,Noord-Brabant
Budel-Schoot,Noord-Brabant
Buggenum,Limburg
Buinen,Drenthe
Buinerveen,Drenthe
Buitenpost / Bûtenpost,Fryslân
Bunne,Drenthe
Bunnik,Utrecht
Bunschoten-Spakenburg,Utrecht
Burdaard / Birdaard,Fryslân
Buren,Gelderland
Buren / Bueren,Fryslân
Den Burg,Noord-Holland
Burgerbrug,Noord-Holland
Burgum / Bergum,Fryslân
Burgwerd / Burchwert,Fryslân
Burum,Fryslân
Bussum,Noord-Holland
Buurmalsen,Gelderland
Cadier en Keer,Limburg
Cadzand,Zeeland
Callantsoog,Noord-Holland
Capelle aan den IJssel,Zuid-Holland
Castelre,Noord-Brabant
Castenray,Limburg
Casteren,Noord-Brabant
Castricum,Noord-Holland
Chaam,Noord-Brabant
Clinge,Zeeland
De Cocksdorp,Noord-Holland
Coevorden,Drenthe
Colijnsplaat,Zeeland
Collendoorn,Overijssel
Cornwerd / Koarnwert,Fryslân
Cothen,Utrecht
Creil,Flevoland
Cromvoirt,Noord-Brabant
Cruquius,Noord-Holland
Cuijk,Noord-Brabant
Culemborg,Gelderland
Daarlerveen,Overijssel
Dalen,Drenthe
Dalerpeel,Drenthe
Dalerveen,Drenthe
Dalfsen,Overijssel
Dalmsholte,Overijssel
Damwâld / Damwoude,Fryslân
Darp,Drenthe
Dearsum,Fryslân
Dedemsvaart,Overijssel
Dedgum / Dedzjum,Fryslân
Deelen,Gelderland
Deest,Gelderland
Deil,Gelderland
Deinum,Fryslân
Delfgauw,Zuid-Holland
Delfstrahuizen,Fryslân
Delft,Zuid-Holland
Delfzijl,Groningen
Delwijnen,Gelderland
Demen,Noord-Brabant
Denekamp,Overijssel
Deurne,Noord-Brabant
Deurningen,Overijssel
Deurze,Drenthe
Deventer,Overijssel
Didam,Gelderland
Dieden,Noord-Brabant
Diemen,Noord-Holland
Diepenheim,Overijssel
Diepenveen,Overijssel
Dieren,Gelderland
Diessen,Noord-Brabant
Dieteren,Limburg
Diever,Drenthe
Dieverbrug,Drenthe
Diffelen,Overijssel
Dijken / Diken,Fryslân
Dinteloord,Noord-Brabant
Dinxperlo,Gelderland
Diphoorn,Drenthe
Dirkshorn,Noord-Holland
Dirksland,Zuid-Holland
Dodewaard,Gelderland
Doenrade,Limburg
Doesburg,Gelderland
Doetinchem,Gelderland
Doeveren,Noord-Brabant
Doezum,Groningen
Dokkum,Fryslân
Den Dolder,Utrecht
Doldersum,Drenthe
Domburg,Zeeland
Donderen,Drenthe
Dongen,Noord-Brabant
Dongjum / Doanjum,Fryslân
Donkerbroek,Fryslân
Doorn,Utrecht
Doornenburg,Gelderland
Doornspijk,Gelderland
Doorwerth,Gelderland
Dordrecht,Zuid-Holland
Dorst,Noord-Brabant
Drachten,Fryslân
Dreischor,Zeeland
Drempt,Gelderland
Dreumel,Gelderland
Driebergen-Rijsenburg,Utrecht
Drieborg,Groningen
Driebruggen,Zuid-Holland
Driel,Gelderland
Driezum / Driesum,Fryslân
Drijber,Drenthe
Drimmelen,Noord-Brabant
Drogeham / Droegeham,Fryslân
Drongelen,Noord-Brabant
Dronryp / Dronrijp,Fryslân
Dronten,Flevoland
Drouwen,Drenthe
Drouwenermond,Drenthe
Drouwenerveen,Drenthe
Drunen,Noord-Brabant
Druten,Gelderland
Duiven,Gelderland
Duivendrecht,Noord-Holland
Duizel,Noord-Brabant
Dussen,Noord-Brabant
Dwingeloo,Drenthe
Earnewâld / Eernewoude,Fryslân
Easterein / Oosterend,Fryslân
Easterlittens / Oosterlittens,Fryslân
Eastermar / Oostermeer,Fryslân
Easterwierrum / Oosterwierum,Fryslân
Echt,Limburg
Echteld,Gelderland
Echten,Drenthe
Echten / Ychten,Fryslân
Echtenerbrug / Ychtenbrêge,Fryslân
Eck en Wiel,Gelderland
Eckelrade,Limburg
Edam,Noord-Holland
Ede,Gelderland
Ederveen,Gelderland
Ee / Ie,Fryslân
Eede,Zeeland
Eefde,Gelderland
Eelde,Drenthe
Eelderwolde,Drenthe
Eemnes,Utrecht
Eemshaven,Groningen
Een,Drenthe
Eenrum,Groningen
Eenum,Groningen
Eerbeek,Gelderland
Eersel,Noord-Brabant
Ees,Drenthe
Eeserveen,Drenthe
Eesveen,Overijssel
Eethen,Noord-Brabant
Eext,Drenthe
Eexterveen,Drenthe
Eexterveenschekanaal,Drenthe
Eexterzandvoort,Drenthe
Egchel,Limburg
Egmond aan den Hoef,Noord-Holland
Egmond aan Zee,Noord-Holland
Egmond-Binnen,Noord-Holland
Eibergen,Gelderland
Eijsden,Limburg
Elburg,Gelderland
Elim,Drenthe
Elkenrade,Limburg
Elkerzee,Zeeland
Ell,Limburg
Ellecom,Gelderland
Ellemeet,Zeeland
Ellertshaar,Drenthe
Ellewoutsdijk,Zeeland
Elp,Drenthe
Elshout,Noord-Brabant
Elsloo,Limburg
Elsloo / Elslo,Fryslân
Elspeet,Gelderland
Elst,Gelderland
Emmeloord,Flevoland
Emmen,Drenthe
Emmer-Compascuum,Drenthe
Empe,Gelderland
Emst,Gelderland
Enkhuizen,Noord-Holland
Ens,Flevoland
Enschede,Overijssel
Enspijk,Gelderland
Enter,Overijssel
Enumatil,Groningen
Epe,Gelderland
Epen,Limburg
Eppenhuizen,Groningen
Epse,Gelderland
Erica,Drenthe
Erichem,Gelderland
Erlecom,Gelderland
Erm,Drenthe
Ermelo,Gelderland
Erp,Noord-Brabant
Esbeek,Noord-Brabant
Esch,Noord-Brabant
Escharen,Noord-Brabant
Espel,Flevoland
Est,Gelderland
Etten-Leur,Noord-Brabant
Evertsoord,Limburg
Ewijk,Gelderland
Exloo,Drenthe
Exloërveen,Drenthe
Exmorra / Eksmoarre,Fryslân
Eygelshoven,Limburg
Eys,Limburg
Ezinge,Groningen
Farmsum,Groningen
Feanwâlden / Veenwouden,Fryslân
Feerwerd,Groningen
Feinsum / Finkum,Fryslân
Ferwert / Ferwerd,Fryslân
Ferwoude / Ferwâlde,Fryslân
Fijnaart,Noord-Brabant
Finsterwolde,Groningen
Firdgum / Furdgum,Fryslân
Fleringen,Overijssel
Fluitenberg,Drenthe
Fochteloo / De Fochtel,Fryslân
Follega / Follegea,Fryslân
Folsgare / Folsgeare,Fryslân
Formerum / Formearum,Fryslân
Foudgum,Fryslân
Foxhol,Groningen
Foxwolde,Groningen
Franeker / Frjentsjer,Fryslân
Fransum,Groningen
Frederiksoord,Drenthe
Friens,Fryslân
Frieschepalen / Fryske Peallen,Fryslân
Froombosch,Groningen
Gaanderen,Gelderland
Gaarkeuken,Groningen
Gaast,Fryslân
Gaastmeer / De Gaastmar,Fryslân
Galder,Noord-Brabant
Gameren,Gelderland
Gapinge,Zeeland
Garderen,Gelderland
Garmerwolde,Groningen
Garminge,Drenthe
Garnwerd,Groningen
Garrelsweer,Groningen
Garsthuizen,Groningen
Garyp / Garijp,Fryslân
Gassel,Noord-Brabant
Gasselte,Drenthe
Gasselternijveen,Drenthe
Gastelsveer,Noord-Brabant
Gasteren,Drenthe
Gauw / Gau,Fryslân
Geelbroek,Drenthe
Geerdijk,Overijssel
Geertruidenberg,Noord-Brabant
Geervliet,Zuid-Holland
Gees,Drenthe
Geesbrug,Drenthe
Geesteren,Gelderland
Geesteren,Overijssel
Geeuwenbrug,Drenthe
Geffen,Noord-Brabant
Geijsteren,Limburg
Geldermalsen,Gelderland
Geldrop,Noord-Brabant
Geleen,Limburg
Gellicum,Gelderland
Gelselaar,Gelderland
Gemert,Noord-Brabant
Gemonde,Noord-Brabant
Genderen,Noord-Brabant
Gendringen,Gelderland
Gendt,Gelderland
Genemuiden,Overijssel
Gennep,Limburg
Gerkesklooster / Gerkeskleaster,Fryslân
Gersloot / Gersleat,Fryslân
Geulle,Limburg
Giesbeek,Gelderland
Giessen,Noord-Brabant
Giessenburg,Zuid-Holland
Gieten,Drenthe
Gieterveen,Drenthe
Giethmen,Overijssel
Giethoorn,Overijssel
Gilze,Noord-Brabant
Glane,Overijssel
Glimmen,Groningen
De Glind,Gelderland
Godlinze,Groningen
Goedereede,Zuid-Holland
Goes,Zeeland
Goirle,Noord-Brabant
Goor,Overijssel
De Goorn,Noord-Holland
Gorinchem,Zuid-Holland
Gorredijk / De Gordyk,Fryslân
Gorssel,Gelderland
Gouda,Zuid-Holland
Gouderak,Zuid-Holland
Goudriaan,Zuid-Holland
Goudswaard,Zuid-Holland
Goutum,Fryslân
Goënga / Goaiïngea,Fryslân
Goëngahuizen / Goaijingahuzen,Fryslân
Graauw,Zeeland
Grafhorst,Overijssel
Graft,Noord-Holland
Gramsbergen,Overijssel
Grashoek,Limburg
Grave,Noord-Brabant
s-Graveland,Noord-Holland
s-Gravendeel,Zuid-Holland
s-Gravenhage,Zuid-Holland
s-Gravenpolder,Zeeland
s-Gravenzande,Zuid-Holland
Greonterp,Fryslân
Grevenbicht,Limburg
Griendtsveen,Limburg
Grijpskerk,Groningen
Grijpskerke,Zeeland
Briltil,Groningen
Britsum,Fryslân
Groede,Zeeland
Groenekan,Utrecht
Groenlo,Gelderland
Groesbeek,Gelderland
Groessen,Gelderland
Groet,Noord-Holland
De Groeve,Drenthe
Grolloo,Drenthe
Groningen,Groningen
Gronsveld,Limburg
Groot-Ammers,Zuid-Holland
Grootebroek,Noord-Holland
Grootegast,Groningen
Grootschermer,Noord-Holland
Grouw / Grou,Fryslân
Grubbenvorst,Limburg
Gulpen,Limburg
Guttecoven,Limburg
Gytsjerk / Giekerk,Fryslân
Haaften,Gelderland
Haaksbergen,Overijssel
Haalderen,Gelderland
Haamstede,Zeeland
Haaren,Noord-Brabant
Haarle,Overijssel
Haarle,Overijssel
Haarlem,Noord-Holland
Haarlemmerliede,Noord-Holland
Haarlo,Gelderland
Haarsteeeg,Noord-Brabant
Haastrecht,Zuid-Holland
Haelen,Limburg
Hagestein,Utrecht
Haghorst,Noord-Brabant
Halfweg,Noord-Holland
Hall,Gelderland
Halle,Gelderland
Hallum,Fryslân
Halsteren,Noord-Brabant
Den Ham,Overijssel
Den Ham,Groningen
Handel,Noord-Brabant
Hank,Noord-Brabant
Hansweert,Zeeland
Hantum,Fryslân
Hantumeruitburen / Hantumerútbuorren,Fryslân
Hantumhuizen / Hantumhuzen,Fryslân
Hapert,Noord-Brabant
Haps,Noord-Brabant
Harbrinkhoek,Overijssel
Hardenberg,Overijssel
Harderwijk,Gelderland
Hardinxveld-Giessendam,Zuid-Holland
Haren,Groningen
Haren,Noord-Brabant
Harfsen,Gelderland
Harich,Fryslân
Harkema / De Harkema,Fryslân
Harkstede,Groningen
Harlingen / Harns,Fryslân
Harmelen,Utrecht
Harreveld,Gelderland
Harskamp,Gelderland
Hartwerd / Hartwert,Fryslân
Haskerdijken / Haskerdiken,Fryslân
Haskerhorne / Haskerhoarne,Fryslân
Hasselt,Overijssel
Hattem,Gelderland
Hattemerbroek,Gelderland
Haule / De Haule,Fryslân
Haulerwijk / Haulerwyk,Fryslân
Hauwert,Noord-Holland
Havelte,Drenthe
Havelterberg,Drenthe
Hazerswoude-Dorp,Zuid-Holland
Hazerswoude-Rijndijk,Zuid-Holland
Hedel,Gelderland
Hedikhuizen,Noord-Brabant
Hee,Fryslân
Heeg / Heech,Fryslân
Heel,Limburg
Heelsum,Gelderland
Heelweg,Gelderland
Heemserveen,Overijssel
Heemskerk,Noord-Holland
Heemstede,Noord-Holland
De Heen,Noord-Brabant
Heenvliet,Zuid-Holland
s-Heer Abtskerke,Zeeland
s-Heer Arendskerke,Zeeland
s-Heer Hendrikskinderen,Zeeland
Heerde,Gelderland
s-Heerenberg,Gelderland
s-Heerenbroek,Overijssel
s-Heerenhoek,Zeeland
Heerenveen / It Hearrenfean,Fryslân
Heerewaarden,Gelderland
Heerhugowaard,Noord-Holland
Heerjansdam,Zuid-Holland
Heerle,Noord-Brabant
Heerlen,Limburg
Heesch,Noord-Brabant
Heesselt,Gelderland
Heeswijk-Dinther,Noord-Brabant
Heeten,Overijssel
Heeze,Noord-Brabant
Hegebeintum / Hogebeintum,Fryslân
Hegelsom,Limburg
Heibloem,Limburg
Heide,Limburg
Heidenhoek,Gelderland
Heilig Landstichting,Gelderland
Heiligerlee,Groningen
Heiloo,Noord-Holland
Heinen,Limburg
Heinenoord,Zuid-Holland
Heinkenszand,Zeeland
Heino,Overijssel
Hekelingen,Zuid-Holland
Hekendorp,Utrecht
Helden,Limburg
Den Helder,Noord-Holland
Helenaveen,Noord-Brabant
Hellendoorn,Overijssel
Hellevoetsluis,Zuid-Holland
Hellouw,Gelderland
Hellum,Groningen
Helmond,Noord-Brabant
Helvoirt,Noord-Brabant
Hemelum / Himmelum,Fryslân
Hemmen,Gelderland
Hempens / Himpens,Fryslân
Hemrik / De Himrik,Fryslân
Hendrik-Ido-Ambacht,Zuid-Holland
Hengelo,Gelderland
Hengelo,Overijssel
Hengevelde,Overijssel
Hengstdijk,Zeeland
Hensbroek,Noord-Holland
Herbaijum / Hjerbeam,Fryslân
Herkenbosch,Limburg
Herkingen,Zuid-Holland
Hernen,Gelderland
Herpen,Noord-Brabant
Herpt,Noord-Brabant
Herten,Limburg
Hertme,Overijssel
s-Hertogenbosch,Noord-Brabant
Herveld,Gelderland
Herwen,Gelderland
Herwijnen,Gelderland
Heteren,Gelderland
Heukelom,Noord-Brabant
Heukelum,Gelderland
Heumen,Gelderland
De Heurne,Gelderland
Heusden,Noord-Brabant
Heusden,Noord-Brabant
Heveadorp,Gelderland
Heythuysen,Limburg
Hezingen,Overijssel
Hiaure / De Lytse Jouwer,Fryslân
Hichtum,Fryslân
Hidaard,Fryslân
Hierden,Gelderland
Hieslum,Fryslân
Hijken,Drenthe
Hilaard / Hijlaard,Fryslân
Hillegom,Zuid-Holland
Hilvarenbeek,Noord-Brabant
Hilversum,Noord-Holland
Hindeloopen / Hylpen,Fryslân
Hinnaard / Hennaard,Fryslân
Hippolytushoef,Noord-Holland
Hitzum / Hitsum,Fryslân
Hoedekenskerke,Zeeland
De Hoef,Utrecht
Hoef en Haag,Utrecht
Hoek,Zeeland
Hoek van Holland,Zuid-Holland
Hoenderloo,Gelderland
Hoensbroek,Limburg
Hoenzadriel,Gelderland
De Hoeve,Fryslân
Hoevelaken,Gelderland
Hoeven,Noord-Brabant
Hoge Hexel,Overijssel
Hoog Soeren,Gelderland
Hoog-Keppel,Gelderland
Hoogblokland,Zuid-Holland
Hoogeloon,Noord-Brabant
Hoogerheide,Noord-Brabant
Hoogersmilde,Drenthe
Hoogeveen,Drenthe
Hoogezand,Groningen
Hooghalen,Drenthe
Hoogkarspel,Noord-Holland
Hoogkerk,Groningen
Hoogland,Utrecht
Hooglanderveen,Utrecht
Hoogmade,Zuid-Holland
Hoogwoud,Noord-Holland
Hoorn,Noord-Holland
Hoornaar,Zuid-Holland
Hoornsterzwaag / Hoarnstersweach,Fryslân
Horn,Limburg
Hornhuizen,Groningen
Horssen,Gelderland
Horst,Limburg
Den Hout,Noord-Brabant
Houthem,Limburg
Houtigehage / De Houtigehage,Fryslân
Houwerzijl,Groningen
Hugten,Noord-Brabant
Huijbergen,Noord-Brabant
Huis ter Heide,Utrecht
Huisduin,Noord-Holland
Huisseling,Noord-Brabant
Huissen,Gelderland
Huizen,Noord-Holland
Huizinge,Groningen
Hulsberg,Limburg
Hulsel,Noord-Brabant
Hulshorst,Gelderland
Hulst,Zeeland
Hulten,Noord-Brabant
Hummelo,Gelderland
Hunsel,Limburg
Hurdegaryp / Hardegarijp,Fryslân
Hurwenen,Gelderland
Idaard / Idaerd,Fryslân
Idsegahuizum / Skuzum,Fryslân
Idskenhuizen / Jiskenhuzen,Fryslân
Ter Idzard / Teridzert,Fryslân
Idzega / Idzegea,Fryslân
Iens / Edens,Fryslân
IJhorst,Overijssel
IJlst / Drylts,Fryslân
IJmuiden,Noord-Holland
IJsselham,Overijssel
IJsselmuiden,Overijssel
IJsselstein,Utrecht
IJzendijke,Zeeland
IJzendoorn,Gelderland
Den Ilp,Noord-Holland
Ilpendam,Noord-Holland
Ingen,Gelderland
Ingelum / Engelum,Fryslân
Irnsum / Jirnsum,Fryslân
It Heidenskip,Fryslân
Itens,Fryslân
Ittervoort,Limburg
Jaarsveld,Utrecht
Jabeek,Limburg
Jannum / Janum,Fryslân
Jellum,Fryslân
Jelsum,Fryslân
Jipsingboermussel,Groningen
Jislum,Fryslân
Jisp,Noord-Holland
Jistrum / Eestrum,Fryslân
Jonkersvaart,Groningen
Joppe,Gelderland
Jorwert / Jorwerd,Fryslân
Joure / De Jouwer,Fryslân
Jouswier,Fryslân
Jubbega / Jobbegea,Fryslân
Julianadorp,Noord-Holland
Jutrijp / Jutryp,Fryslân
Kaag,Zuid-Holland
Kaatsheuvel,Noord-Brabant
Kampen,Overijssel
Kamperland,Zeeland
Kamperveen,Overijssel
Kantens,Groningen
Kapelle,Zeeland
Kapellebrug,Zeeland
Kapol-Avezaath,Gelderland
Kats,Zeeland
Kattendijke,Zeeland
Katwijk,Zuid-Holland
Katwoude,Noord-Holland
Kedichem,Utrecht
Keijenborg,Gelderland
Kekerdom,Gelderland
Kelpen-Oler,Limburg
Kerk-Avezaath,Gelderland
Kerkdriel,Gelderland
Kerkrade,Limburg
Kerkwerve,Zeeland
Kerkwijk,Gelderland
Kessel,Limburg
Kesteren,Gelderland
Kiel-Windeweer,Groningen
De Kievit,Limburg
Kilder,Gelderland
Kimswerd / Kimswert,Fryslân
Kinderdijk,Zuid-Holland
Klaarwaal,Zuid-Holland
Klarenbeek,Gelderland
Klarenbeek,Gelderland
Klazienaveen,Drenthe
Klazienaveen-Noord,Drenthe
Kloetinge,Zeeland
Kloetinge,Zeeland
De Klomp,Gelderland
Kloosterburen,Groningen
Kloosterhaar,Overijssel
Kloosterhaar,Overijssel
Kloosterzande,Zeeland
Klundert,Noord-Brabant
Knegsel,Noord-Brabant
De Knipe,Fryslân
Koarnjum / Cornjum,Fryslân
Kockengen,Utrecht
Koedijk,Noord-Holland
Koekange,Drenthe
Koevorde,Noord-Holland
Koewacht,Zeeland
Kolham,Groningen
Kolhorn,Noord-Holland
Kollum,Fryslân
Kollumerpomp / De Pomp,Fryslân
Kollumerzwaag / Kollumersweach,Fryslân
Kommerzijl,Groningen
Koningsbosch,Limburg
Koningslust,Limburg
De Koog,Noord-Holland
Koog aan de Zaan,Noord-Holland
Kootstertille / Koatstertille,Fryslân
Kootwijk,Gelderland
Kootwijkerbroek,Gelderland
Kornhorn,Groningen
Kornwerderzand,Fryslân
Kortehemmen / Koartehimmen,Fryslân
Kortenhoef,Noord-Holland
Kortgene,Zeeland
Koudekerk aan den Rijn,Zuid-Holland
Koudekerke,Zeeland
Koudum / Koaldum,Fryslân
Krabbendijke,Zeeland
Kraggenburg,Flevoland
Krimpen aan de Lek,Zuid-Holland
Krimpen aan den IJssel,Zuid-Holland
Kromsenie,Noord-Holland
Kronenberg,Limburg
Kropswolde,Groningen
Kruiningen,Zeeland
Kruisland,Noord-Brabant
Kudelstaart,Noord-Holland
Kuinre,Overijssel
Kuitaart,Zeeland
Kwintsheul,Zuid-Holland
Laag-Keppel,Gelderland
Laag-Soeren,Gelderland
Laagzuthem,Overijssel
Landsmeer,Noord-Holland
Langbroek,Utrecht
Langedijke(n) / Langedike (?),Fryslân
Langelille / De Langelille,Fryslân
Langelo,Drenthe
Langenboom,Noord-Brabant
Langerak,Zuid-Holland
Langerak,Gelderland
Langeveen,Overijssel
Langezwaag / Langsweagen,Fryslân
Langweer / Langwar,Fryslân
Laren,Noord-Holland
Laren,Gelderland
Lathum,Gelderland
Lattrop-Breklenkamp,Overijssel
Lauwersoog,Groningen
Lauwerzijl,Groningen
Ledeacker,Noord-Brabant
Leek,Groningen
Leende,Noord-Brabant
Leens,Groningen
Leerbroek,Utrecht
Leerdam,Utrecht
Leermens,Groningen
Leersum,Utrecht
Leeuwarden / Ljouwert,Fryslân
Leggeloo,Drenthe
Leiden,Zuid-Holland
Leiderdorp,Zuid-Holland
Leidschendam,Zuid-Holland
Leimuiden,Zuid-Holland
Lekkerkerk,Zuid-Holland
Lekkum,Fryslân
Lellens,Groningen
Lelystad,Flevoland
Lemele,Overijssel
Lemelerveld,Overijssel
Lemiers,Limburg
Lemmer / De Lemmer,Fryslân
Lengel,Gelderland
Lent,Gelderland
Leons / Lions,Fryslân
Lepelstraat,Noord-Brabant
Lettelbert,Groningen
Lettele,Overijssel
Leunen,Limburg
Leur,Gelderland
Leusden,Utrecht
Leuth,Gelderland
Leutingewolde,Drenthe
Leuvenheim,Gelderland
Leveroy,Limburg
Lewedorp,Zeeland
Lexmond,Utrecht
Lichtenvoorde,Gelderland
Liende,Gelderland
De Lier,Zuid-Holland
Lierderholthuis,Overijssel
Lieren,Gelderland
Lierop,Noord-Brabant
Lies,Fryslân
Lieshout,Noord-Brabant
Liessel,Noord-Brabant
Lievelde,Gelderland
Lieveren,Drenthe
Lijnden,Noord-Holland
Limbricht,Limburg
Limmen,Noord-Holland
Linden,Noord-Brabant
Linne,Limburg
Linschoten,Utrecht
Lioessens / Ljussens,Fryslân
Lippenhuizen / Lippenhuzen,Fryslân
Lisse,Zuid-Holland
Lisserbroek,Noord-Holland
Lith,Noord-Brabant
Lithoijen,Noord-Brabant
Lobith,Gelderland
Lochem,Gelderland
Loenen,Gelderland
Loenen aan de Vecht,Utrecht
Loenersloot,Utrecht
Loerbeek,Gelderland
Lollum,Fryslân
Lomm,Limburg
Longerhouw / Longerhou,Fryslân
Loosdrecht,Noord-Holland
Loozen,Overijssel
Lopik,Utrecht
Lopikerkapel,Utrecht
Loppersum,Groningen
Losdorp,Groningen
Losser,Overijssel
Lottum,Limburg
Loënga / Loaiïngea,Fryslân
Lucaswolde,Groningen
Luddeweer,Groningen
Luinjeberd / Lúnbert,Fryslân
Lunteren,Gelderland
Lutjebroek,Noord-Holland
Lutjegast,Groningen
Lutjewinkel,Noord-Holland
De Lutte,Overijssel
Luttelgeest,Flevoland
Lutten,Overijssel
Luttenberg,Overijssel
Luxwoude / Lúkswâld,Fryslân
Luyksgestel,Noord-Brabant
Lytsewierrum / Lutkewierum,Fryslân
Maarheeze,Noord-Brabant
Maarn,Utrecht
Maarsbergen,Utrecht
Maarssen,Utrecht
Maartensdijk,Utrecht
Maasbommel,Gelderland
Maasbracht,Limburg
Maasbree,Limburg
Maasdam,Zuid-Holland
Maasdijk,Zuid-Holland
Maashees,Noord-Brabant
Maasland,Zuid-Holland
Maassluis,Zuid-Holland
Maastricht,Limburg
Made,Noord-Brabant
Makkinga / Makkingea,Fryslân
Makkum,Fryslân
Malden,Gelderland
Mander,Overijssel
Manderveen,Overijssel
Mantgum,Fryslân
Mantinge,Drenthe
Maren-Kessel,Noord-Brabant
Margraten,Limburg
Maria Hoop,Limburg
Mariahout,Noord-Brabant
Mariaparochie,Overijssel
Marijenkampen,Overijssel
Mariënberg,Overijssel
Mariënheem,Overijssel
Mariënvelde,Gelderland
Markelo,Overijssel
Marken,Noord-Holland
Markenbinnen,Noord-Holland
Marknesse,Flevoland
Marle,Overijssel
Marrum,Fryslân
Marsum / Marssum,Fryslân
Marum,Groningen
Marwijksoord,Drenthe
Mastenbroek,Overijssel
Maurik,Gelderland
Mechelen,Limburg
Medemblik,Noord-Holland
Meeden,Groningen
Meedhuizen,Groningen
Meerkerk,Utrecht
Meerlo,Limburg
De Meern,Utrecht
Meerssen,Limburg
Meerstad,Groningen
Meeuwen,Noord-Brabant
Megchelen,Gelderland
Megen,Noord-Brabant
Meijel,Limburg
Melderslo,Limburg
Melick,Limburg
Meliskerke,Zeeland
Melissant,Zuid-Holland
Menaam / Menaldum,Fryslân
Mensingeweer,Groningen
Meppel,Drenthe
Meppen,Drenthe
Merkelbeek,Limburg
Merselo,Limburg
Mesch,Limburg
Meteren,Gelderland
Meterik,Limburg
Metslawier / Mitselwier,Fryslân
Mheer,Limburg
Middelaar,Limburg
Middelburg,Zeeland
Middelharnis,Zuid-Holland
Middelie,Noord-Holland
Middelstum,Groningen
Middenbeemster,Noord-Holland
Middenmeer,Noord-Holland
Midlaren,Drenthe
Midlum / Mullum,Fryslân
Midsland / Midslân,Fryslân
Midwolda,Groningen
Midwolde,Groningen
Midwoud,Noord-Holland
Miedum,Fryslân
Mierlo,Noord-Brabant
Mijdrecht,Utrecht
Mill,Noord-Brabant
Millingen aan de Rijn,Gelderland
Milsbeek,Limburg
Minnertsga / Minnertsgea,Fryslân
Mirns / Murns,Fryslân
Moddergat,Fryslân
De Moer,Noord-Brabant
Moerdijk,Noord-Brabant
Moergestel,Noord-Brabant
Moerkapelle,Zuid-Holland
Moerstraten,Noord-Brabant
Molenaarsgraaf,Zuid-Holland
Molenschot,Noord-Brabant
Molkwerum / Molkwar,Fryslân
Monnickendam,Noord-Holland
Monster,Zuid-Holland
Montfoort,Utrecht
Montfort,Limburg
Mook,Limburg
Mookhoek,Zuid-Holland
Moordrecht,Zuid-Holland
Morra / Moarre,Fryslân
De Mortel,Noord-Brabant
Muiden,Noord-Holland
Muiderberg,Noord-Holland
Munnekeburen / Munnekebuorren,Fryslân
Munnekezijl / Muntsjesyl,Fryslân
Munstergeleen,Limburg
Muntendam,Groningen
Mussel,Groningen
Musselkanaal,Groningen
Naaldwijk,Zuid-Holland
Naarden,Noord-Holland
Nagele,Flevoland
Neder-Hardinxveld,Zuid-Holland
Nederasselt,Gelderland
Nederhemert,Gelderland
Nederhorst den Berg,Noord-Holland
Nederweert,Limburg
Neer,Limburg
Neerbeek,Limburg
Neerijnen,Gelderland
Neeritter,Limburg
Neerkant,Noord-Brabant
Neerlangel,Noord-Brabant
Neerloon,Noord-Brabant
Neede,Gelderland
Nes,Ameland,Fryslân
Nes,Fryslân
Netersel,Noord-Brabant
Netterden,Gelderland
Niawier / Nijewier,Fryslân
Nibbixwoud,Noord-Holland
Niebert,Groningen
Niehove,Groningen
Niekerk,Groningen
Niekerk,Groningen
Nietap,Drenthe
Nieuw Beerta,Groningen
Nieuw-Amsterdam,Drenthe
Nieuw-Balinge,Drenthe
Nieuw-Beijerland,Zuid-Holland
Nieuw-Buinen,Drenthe
Nieuw-Dordrecht,Drenthe
Nieuw-Heeten,Overijssel
Nieuw-Lekkerland,Zuid-Holland
Nieuw-Roden,Drenthe
Nieuw-Schoonebeek,Drenthe
Nieuw-Vennep,Noord-Holland
Nieuw-Vossemeer,Noord-Brabant
Nieuw-Weerdinge,Drenthe
Nieuwaal,Gelderland
Nieuwdorp,Zeeland
Nieuwe Pekela,Groningen
Nieuwe Wetering,Zuid-Holland
Nieuwe-Tonge,Zuid-Holland
Nieuwebrug / Nijbrêge,Fryslân
Nieuwediep,Drenthe
Nieuwegein,Utrecht
Nieuwehorne / Nijhoarne,Fryslân
Nieuwendijk,Noord-Brabant
Nieuwenhagen,Limburg
Nieuwer Ter Aa,Utrecht
Nieuwerkerk,Zeeland
Nieuwerkerk aan den IJssel,Zuid-Holland
Nieuweroord,Drenthe
Nieuwersluis,Utrecht
Nieuwkoop,Zuid-Holland
Nieuwkuijk,Noord-Brabant
Nieuwland,Utrecht
Nieuwlande,Drenthe
Nieuwleusen,Overijssel
Nieuwolda,Groningen
Nieuwpoort,Zuid-Holland
Nieuwveen,Zuid-Holland
Nieuwvliet,Zeeland
Niezijl,Groningen
Niftrik,Gelderland
Nigtevecht,Utrecht
Nij Altoenae,Fryslân
Nij Beets,Fryslân
Nijbroek,Gelderland
Nijeberkoop / Nijeberkeap,Fryslân
Nijega / Nyegea,Fryslân
Nijehaske,Fryslân
Nijeholtpade / Nijeholtpea,Fryslân
Nijeholtwolde / Nijeholtwâlde,Fryslân
Nijelamer / Nijelemmer,Fryslân
Nijemirdum / Nijemardum,Fryslân
Nijensleek,Drenthe
Nijetrijne / Nijetrine,Fryslân
Nijeveen,Drenthe
Nijkerk,Gelderland
Nijkerkerveen,Gelderland
Nijland / Nijlân,Fryslân
Nijlande,Drenthe
Nijmegen,Gelderland
Nijverdal,Overijssel
Nispen,Noord-Brabant
Nisse,Zeeland
Nistelrode,Noord-Brabant
Noardburgum / Noordbergum-dorp,Fryslân
Norg,Drenthe
Notter,Overijssel
Nuenen,Noord-Brabant
Nuis,Groningen
Nuland,Noord-Brabant
Numansdorp,Zuid-Holland
Nunhem,Limburg
Nunspeet,Gelderland
Nuth,Limburg
Nutter,Overijssel
Obbicht,Limburg
Obdam,Noord-Holland
Ochten,Gelderland
Odijk,Utrecht
Odiliapeel,Noord-Brabant
Odoorn,Drenthe
Oeffelt,Noord-Brabant
Oegstgeest,Zuid-Holland
Oene,Gelderland
Oentsjerk / Oenkerk,Fryslân
Oirlo,Limburg
Oirsbeek,Limburg
Oirschot,Noord-Brabant
Oisterwijk,Noord-Brabant
Okkenbroek,Overijssel
Oldeberkoop / Aldeberkeap,Fryslân
Oldebroek,Gelderland
Oldeholtpade / Aldeholtpea,Fryslân
Oldeholtwolde / Aldeholtwâlde,Fryslân
Oldehove,Groningen
Oldekerk,Groningen
Oldelamer / Aldlemmer,Fryslân
Oldemarkt,Overijssel
Oldenzaal,Overijssel
Oldenzijl,Groningen
Oldeouwer / Alde Ouwer,Fryslân
Oldetrijne / Aldetrine,Fryslân
Olst,Overijssel
Olterterp,Fryslân
Ommel,Noord-Brabant
Ommen,Overijssel
Ommeren,Gelderland
Onderdendam,Groningen
Onna,Overijssel
Onnen,Groningen
Onstwedde,Groningen
Ooij,Gelderland
Ooltgensplaat,Zuid-Holland
Oost West en Middelbeers,Noord-Brabant
Oost-Graftdijk,Noord-Holland
Oost-Souburg,Zeeland
Oostburg,Zeeland
Oosteinde,Noord-Brabant
Oosterbeek,Gelderland
Oosterbierum / Easterbierrum,Fryslân
Oosterblokker,Noord-Holland
Oosterhesselen,Drenthe
Oosterhout,Noord-Brabant
Oosterhout,Gelderland
Oosterland,Zeeland
Oosterleek,Noord-Holland
Oosternieland,Groningen
Oosternijkerk / Easternijtsjerk,Fryslân
Oosterstreek,Fryslân
Oosterwijk,Utrecht
Oosterwijtwerd,Groningen
Oosterwolde,Gelderland
Oosterwolde / Easterwâlde,Fryslân
Oosterzee / Eastersee,Fryslân
Oosthem / Easthim,Fryslân
Oosthuizen,Noord-Holland
Oostkapelle,Zeeland
Oostknollendam,Noord-Holland
Oostmahorn / De Skâns,Fryslân
Oostrum,Limburg
Oostrum / Eastrum,Fryslân
Oostvoorne,Zuid-Holland
Oostwold,Groningen
Oostwold,Groningen
Oostwoud,Noord-Holland
Oostzaan,Noord-Holland
Ootmarsum,Overijssel
Opeinde / De Pein,Fryslân
Opende,Groningen
Ophemert,Gelderland
Opheusden,Gelderland
Opijnen,Gelderland
Oploo,Noord-Brabant
Opmeer,Noord-Holland
Oppenhuizen / Toppenhuzen,Fryslân
Opperdoes,Noord-Holland
Oranje,Drenthe
Oranjewoud / (It) Oranjewâld,Fryslân
Orvelte,Drenthe
Ospel,Limburg
Oss,Noord-Brabant
Ossendrecht,Noord-Brabant
Ossenisse,Zeeland
Ossenzijl,Overijssel
Oterleek,Noord-Holland
Otterlo,Gelderland
Ottersum,Limburg
Ottoland,Zuid-Holland
Oud Ade,Zuid-Holland
Oud Annerveen,Drenthe
Oud Gastel,Noord-Brabant
Oud Ootmarsum,Overijssel
Oud-Alblas,Zuid-Holland
Oud-Beijerland,Zuid-Holland
Oud-Lekkerland,Zuid-Holland
Oud-Roden,Drenthe
Oud-Vossemeer,Zeeland
Ouddorp,Zuid-Holland
Oude Bildtzijl / Aldebiltsyl,Fryslân
Oude Pekela,Groningen
Oude Wetering,Zuid-Holland
Oude Willem,Drenthe
Oude-Tonge,Zuid-Holland
Oudega / Aldegea,Fryslân
Oudega / Aldegea,Fryslân
Oudega / Aldegea,Fryslân
Oudehaske / Aldehaske,Fryslân
Oudehorne / Aldhoarne,Fryslân
Oudelande,Zeeland
Oudemirdum / Aldemardum,Fryslân
Oudemolen,Noord-Brabant
Oudemolen,Drenthe
Oudenbosch,Noord-Brabant
Oudendijk,Noord-Holland
Oudenhoorn,Zuid-Holland
Ouderkerk aan de Amstel,Noord-Holland
Ouderkerk aan den IJssel,Zuid-Holland
Oudeschans,Groningen
Oudeschild,Noord-Holland
Oudeschoot / Aldskoat,Fryslân
Oudesluis,Noord-Holland
Oudewater,Utrecht
Oudezijl,Groningen
Oudheusden,Noord-Brabant
Oudkarspel,Noord-Holland
Oudorp,Noord-Holland
Oudwoude / Aldwâld,Fryslân
Ouwerkerk,Zeeland
Ouwster-Nijega / Ousternijegea,Fryslân
Ouwsterhaule / Ousterhaule,Fryslân
Overasselt,Gelderland
Overberg,Utrecht
Overdinkel,Overijssel
Overloon,Noord-Brabant
Overschild,Groningen
Overslag,Zeeland
Overveen,Noord-Holland
Ovezande,Zeeland
Paasloo,Overijssel
Paesens / Peazens,Fryslân
Pannerden,Gelderland
Panningen,Limburg
Papekop,Utrecht
Papendrecht,Zuid-Holland
Papenhoven,Limburg
Papenvoort,Drenthe
Parrega / Parregea,Fryslân
Paterswolde,Drenthe
Peest,Drenthe
Peins,Fryslân
Peize,Drenthe
Peperga / Pepergea,Fryslân
Pesse,Drenthe
Petten,Noord-Holland
Philippine,Zeeland
Piaam,Fryslân
Piershil,Zuid-Holland
Pieterburen,Groningen
Pietersbierum / Pitersbierrum,Fryslân
Pieterzijl,Groningen
Pijnacker,Zuid-Holland
Pingjum / Penjum,Fryslân
Plasmolen,Limburg
Poeldijk,Zuid-Holland
Polsbroek,Utrecht
Poortugaal,Zuid-Holland
Poortvliet,Zeeland
Posterholt,Limburg
Prinsenbeek,Noord-Brabant
Puiflijk,Gelderland
De Punt,Drenthe
Punthorst,Overijssel
Purmerend,Noord-Holland
Purmerland,Noord-Holland
Puth,Limburg
Putte,Noord-Brabant
Putten,Gelderland
Puttershoek,Zuid-Holland
Raalte,Overijssel
Raamsdonk,Noord-Brabant
Raamsdonksveer,Noord-Brabant
Raard,Fryslân
Radewijk,Overijssel
Raerd,Fryslân
Reitsum,Fryslân
Rekken,Gelderland
Renesse,Zeeland
Renkum,Gelderland
Renswoude,Utrecht
Ressen,Gelderland
Retranchement,Zeeland
Reusel,Noord-Brabant
Reutum,Overijssel
Reuver,Limburg
Rheden,Gelderland
Rheebruggen,Drenthe
Rheen,Drenthe
Rheeze,Overijssel
Rheezerveen,Overijssel
Rhenen,Utrecht
Rhenoy,Gelderland
Rhoon,Zuid-Holland
Ridderkerk,Zuid-Holland
Ried / Rie,Fryslân
Riel,Noord-Brabant
Rien,Fryslân
Riethoven,Noord-Brabant
Rietmolen,Gelderland
Rijen,Noord-Brabant
Rijkebuurt,Zeeland
Rijkevoort,Noord-Brabant
Rijnsburg,Zuid-Holland
De Rijp,Noord-Holland
Rijpwetering,Zuid-Holland
Rijs / Riis,Fryslân
Rijsbergen,Noord-Brabant
Rijsenhout,Noord-Holland
Rijssen,Overijssel
Rijswijk,Zuid-Holland
Rilland,Zeeland
Rinsumageast / Rinsumageest,Fryslân
De Rips,Noord-Brabant
Ritthem,Zeeland
Rockanje,Zuid-Holland
Roden,Drenthe
Roderwolde,Drenthe
Roelofarendsveen,Zuid-Holland
Roermond,Limburg
Roggel,Limburg
Rolde,Drenthe
Roosendaal,Noord-Brabant
Roosteren,Limburg
Rosmalen,Noord-Brabant
Rossum,Overijssel
Rossum,Gelderland
Roswinkel,Drenthe
Rotterdam,Zuid-Holland
Rottevalle / Rottefalle,Fryslân
Rottum,Fryslân
Rottum,Groningen
Rouveen,Overijssel
Rozenburg,Noord-Holland
Rozenburg,Zuid-Holland
Rozendaal,Gelderland
Rucphen,Noord-Brabant
Ruigahuizen / Rûgehúzen,Fryslân
Ruinen,Drenthe
Ruinerwold,Drenthe
Rutten,Flevoland
Ruurlo,Gelderland
Ryptsjerk / Rijperkerk,Fryslân
Saaksum,Groningen
Saasveld,Overijssel
Saaxumhuizen,Groningen
Sambeek,Noord-Brabant
Sandfirden / Sânfurd,Fryslân
Santpoort-Noord,Noord-Holland
Santpoort-Zuid,Noord-Holland
Sappemeer,Groningen
Sas van Gent,Zeeland
Sassenheim,Zuid-Holland
Sauwerd,Groningen
Schaijk,Noord-Brabant
Schalkhaar,Overijssel
Schalkwijk,Utrecht
Schalsum / Skalsum,Fryslân
Scharendijke,Zeeland
Scharnegoutum / Skearnegoutum,Fryslân
Scharsterbrug / Skarsterbrêge,Fryslân
Scheemda,Groningen
Scheerwolde,Overijssel
Schellinkhout,Noord-Holland
Schelluinen,Zuid-Holland
Schermerhorn,Noord-Holland
Scherpenisse,Zeeland
Scherpenzeel,Gelderland
Scherpenzeel / Skerpenseel,Fryslân
Schettens / Skettens,Fryslân
Schiedam,Zuid-Holland
Schiermonnikoog / Skiermûntseach,Fryslân
Schijf,Noord-Brabant
Schijndel,Noord-Brabant
Schildwolde,Groningen
Schimmert,Limburg
Schin op Geul,Limburg
Schinnen,Limburg
Schinveld,Limburg
Schipborg,Drenthe
Schiphol,Noord-Holland
De Schiphorst,Drenthe
Schipluiden,Zuid-Holland
Schokland,Flevoland
Schoondijke,Zeeland
Schoonebeek,Drenthe
Schoonhoven,Zuid-Holland
Schoonloo,Drenthe
Schoonoord,Drenthe
Schoonrewoerd,Utrecht
Schoorl,Noord-Holland
Sebaldeburen,Groningen
Sellingen,Groningen
Sevenum,Limburg
Sexbierum / Seisbierrum,Fryslân
Sibculo,Overijssel
Sibrandabuorren,Fryslân
Sibrandahûs / Sijbrandahuis,Fryslân
Siddeburen,Groningen
Siebengewald,Limburg
Siegerswoude / Sigerswâld,Fryslân
Sijbekarspel,Noord-Holland
Silvolde,Gelderland
Simonshaven,Zuid-Holland
Simpelveld,Limburg
Sinderen,Gelderland
Sint Agatha,Noord-Brabant
Sint Anthonis,Noord-Brabant
Sint Geertruid,Limburg
Sint Hubert,Noord-Brabant
Sint Jansklooster,Overijssel
Sint Jansteen,Zeeland
Sint Joost,Limburg
Sint Kruis,Zeeland
Sint Maarten,Noord-Holland
Sint Maartensbrug,Noord-Holland
Sint Maartensvlotbrug,Noord-Holland
Sint Nicolaasga / Sint Nyk,Fryslân
Sint Odiliënberg,Limburg
Sint Pancras,Noord-Holland
Sint-Annaland,Zeeland
Sint-Maartensdijk,Zeeland
Sint-Michielsgestel,Noord-Brabant
Sint-Oedenrode,Noord-Brabant
Sint-Philipsland,Zeeland
Sintjohannesga / Sint Jansgea,Fryslân
Sirjansland,Zeeland
Sittard,Limburg
Slagharen,Overijssel
Slappeterp,Fryslân
Sleen,Drenthe
Sleeuwijk,Noord-Brabant
Slenaken,Limburg
Sliedrecht,Zuid-Holland
Slijk-Ewijk,Gelderland
Slijkenburg / Slikenboarch,Fryslân
Slochteren,Groningen
Sloten / Sleat,Fryslân
Sluis,Zeeland
Sluiskil,Zeeland
Smakt,Limburg
Smalle Ee / Smelle Ie,Fryslân
Smallebrugge / Smelbrêge,Fryslân
Smilde,Drenthe
Snakkerburen / Snakkerbuorren,Fryslân
Sneek / Snits,Fryslân
Snikzwaag / Sniksweach,Fryslân
Soerendonk,Noord-Brabant
Soest,Utrecht
Soesterberg,Utrecht
Someren,Noord-Brabant
Sommelsdijk,Zuid-Holland
Son en Breugel,Noord-Brabant
Sondel,Fryslân
Sonnega / Sonnegea,Fryslân
Spanbroek,Noord-Holland
Spankeren,Gelderland
Spannum,Fryslân
Spaubeek,Limburg
Spier,Drenthe
Spierdijk,Noord-Holland
Spijk,Gelderland
Spijk,Gelderland
Spijkenisse,Zuid-Holland
Spijkerboor,Drenthe
Spijkerboor,Noord-Holland
Sprang-Capelle,Noord-Brabant
Sprundel,Noord-Brabant
St. Willebrord,Noord-Brabant
St.-Annaparochie / Sint-Anne,Fryslân
St.-Jacobiparochie / Sint Jabik,Fryslân
Stad aan 't Haringvliet,Zuid-Holland
Stadskanaal,Groningen
Stampersgat,Noord-Brabant
Standdaarbuiten,Noord-Brabant
Staphorst,Overijssel
Starnmeer,Noord-Holland
Startenhuizen,Groningen
Stavenisse,Zeeland
Stavoren / Starum,Fryslân
Stedum,Groningen
De Steeg,Gelderland
Steenbergen,Noord-Brabant
Steendam,Groningen
Steenderen,Gelderland
Steensel,Noord-Brabant
Steenwijk,Overijssel
Steenwijkerwold,Overijssel
Stegeren,Overijssel
Steggerda,Fryslân
Stein,Limburg
Stellendam,Zuid-Holland
Sterksel,Noord-Brabant
Stevensbeek,Noord-Brabant
Stevensweert,Limburg
Steyl,Limburg
Stieltjeskanaal,Drenthe
Stiens,Fryslân
Stipdonk,Noord-Brabant
Stitswerd,Groningen
Stokkum,Gelderland
Stolwijk,Zuid-Holland
Stompetoren,Noord-Holland
Stoutenburg,Utrecht
Streefkerk,Zuid-Holland
Strijbeek,Noord-Brabant
Strijen,Zuid-Holland
Strijensas,Zuid-Holland
Stroe,Gelderland
Stroobos / Strobos,Fryslân
Stuifzand,Drenthe
Sumar / Suameer,Fryslân
Surhuisterveen / Surhústerfean,Fryslân
Surhuizum / Surhuzum,Fryslân
Susteren,Limburg
Suwâld / Suawoude,Fryslân
Swalmen,Limburg
Sweikhuizen,Limburg
Swichum,Fryslân
Swifterbant,Flevoland
Swolgen,Limburg
Taarlo,Drenthe
Teeffelen,Noord-Brabant
Teerns / Tearns,Fryslân
Tegelen,Limburg
Ternaard,Fryslân
Terneuzen,Zeeland
Terschuur,Gelderland
Tersoal,Fryslân
Terwispel,Fryslân
Terwolde,Gelderland
Teteringen,Noord-Brabant
Teuge,Gelderland
Tholen,Zeeland
Thorn,Limburg
Tiel,Gelderland
Tiendeveen,Drenthe
Tienhoven,Utrecht
Tienhoven aan de Lek,Utrecht
Tienray,Limburg
Tijnje / De Tynje,Fryslân
De Tike,Fryslân
Tilburg,Noord-Brabant
Tilligte,Overijssel
Tinallinge,Groningen
Tinte,Zuid-Holland
Tirns / Turns,Fryslân
Tjalhuizum / Tsjalhuzum,Fryslân
Tjalleberd / Tsjalbert,Fryslân
Tjerkgaast / Tsjerkgaast,Fryslân
Tjerkwerd / Tsjerkwert,Fryslân
Tjuchem,Groningen
Tolbert,Groningen
Toldijk,Gelderland
Tolkamer,Gelderland
Tollebeek,Flevoland
Tonden,Gelderland
Toornwerd,Groningen
Tricht,Gelderland
Triemen / De Trieme,Fryslân
Tripscompagnie,Groningen
Tubbergen,Overijssel
Tuil,Gelderland
Tuitjenhorn,Noord-Holland
Tuk,Overijssel
Tull en 't Waal,Utrecht
Tungelroy,Limburg
Tweede Tol,Zuid-Holland
Twello,Gelderland
Twijzel / Twizel,Fryslân
Twijzelerheide / Twizelerheide,Fryslân
Twisk,Noord-Holland
Tynaarlo,Drenthe
Tytsjerk / Tietjerk,Fryslân
Tzum / Tsjom,Fryslân
Tzummarum / Tsjummearum,Fryslân
Ubach over Worms,Limburg
Ubbena,Drenthe
Ubbergen,Gelderland
Uddel,Gelderland
Uden,Noord-Brabant
Udenhout,Noord-Brabant
Uffelte,Drenthe
Ugchelen,Gelderland
Uitdam,Noord-Holland
Uitgeest,Noord-Holland
Uithoorn,Noord-Holland
Uithuizen,Groningen
Uithuizermeeden,Groningen
Uitwellingerga / Twellingea,Fryslân
Ulestraten,Limburg
Ulft,Gelderland
Ulicoten,Noord-Brabant
Ulrum,Groningen
Ulvenhout,Noord-Brabant
Ureterp / Oerterp,Fryslân
Urk,Flevoland
Urmond,Limburg
Ursem,Noord-Holland
Usquert,Groningen
Utrecht,Utrecht
Vaals,Limburg
Vaassen,Gelderland
Valburg,Gelderland
Valkenburg,Zuid-Holland
Valkenburg,Limburg
Valkenswaard,Noord-Brabant
Valthe,Drenthe
Valthermond,Drenthe
Varik,Gelderland
Varsseveld,Gelderland
Vasse,Overijssel
Veendam,Groningen
Veendijk,Drenthe
Veenendaal,Utrecht
De Veenhoop / De Feanhoop,Fryslân
Veenhuizen,Drenthe
Veeningen,Drenthe
Veenklooster / Feankleaster,Fryslân
Veenoord,Drenthe
Veere,Zeeland
Veessen,Gelderland
Vegelinsoord / Vegelinsoard,Fryslân
Veghel,Noord-Brabant
Velddriel,Gelderland
Velden,Limburg
Veldhoven,Noord-Brabant
Velp,Noord-Brabant
Velp,Gelderland
Velsen-Noord,Noord-Holland
Velsen-Zuid,Noord-Holland
Velserbroek,Noord-Holland
Ven-Zelderheide,Limburg
Venebrugge,Overijssel
Venhorst,Noord-Brabant
Venhuizen,Noord-Holland
Venlo,Limburg
Venray,Limburg
Vessem,Noord-Brabant
Vethuizen,Gelderland
Veulen,Limburg
Vianen,Utrecht
Vierakker,Gelderland
Vierhouten,Gelderland
Vierhuizen,Groningen
Vierlingsbeek,Noord-Brabant
Vierpolders,Zuid-Holland
Vijlen,Limburg
Vilsteren,Overijssel
Vinkega / Finkegea,Fryslân
Vinkel,Noord-Brabant
Vinkeveen,Utrecht
Visvliet,Groningen
Vlaardingen,Zuid-Holland
Vlagtwedde,Groningen
Vledder,Drenthe
Vledderveen,Groningen
Vledderveen,Drenthe
Vleuten,Utrecht
Vlieland / Flylân,Fryslân
Vlierden,Noord-Brabant
Vlijmen,Noord-Brabant
Vlissingen,Zeeland
Vlist,Zuid-Holland
Vlodrop,Limburg
Voerendaal,Limburg
Vogelenzang,Noord-Holland
Vogelwaarde,Zeeland
Volendam,Noord-Holland
Volkel,Noord-Brabant
Vollenhove,Overijssel
Voorburg,Zuid-Holland
Voorhout,Zuid-Holland
Voorschoten,Zuid-Holland
Voorst,Gelderland
Voorst,Gelderland
Voorthuizen,Gelderland
Vorchten,Gelderland
Vorden,Gelderland
Vorstenbosch,Noord-Brabant
Vortum-Mullem,Noord-Brabant
Vragender,Gelderland
Vredenheim,Drenthe
Vredepeel,Limburg
Vreeland,Utrecht
Vries,Drenthe
Vriescheloo,Groningen
Vriezenveen,Overijssel
Vroomshoop,Overijssel
Vrouwenakker,Zuid-Holland
Vrouwenparochie / Froubuorren,Fryslân
Vrouwenpolder,Zeeland
Vught,Noord-Brabant
Vuren,Gelderland
Waaksens / Waaxens,Fryslân
De Waal,Noord-Holland
Waalre,Noord-Brabant
Waalwijk,Noord-Brabant
Waarde,Zeeland
Waardenburg,Gelderland
Waarder,Zuid-Holland
Waardhuizen,Noord-Brabant
Waarland,Noord-Holland
Waaxens,Fryslân
Wachtum,Drenthe
Waddinxveen,Zuid-Holland
Wadenoijen,Gelderland
Wagenberg,Noord-Brabant
Wagenborgen,Groningen
Wageningen,Gelderland
Walem,Limburg
Walsoorden,Zeeland
Wamel,Gelderland
Wanneperveen,Overijssel
Wanroij,Noord-Brabant
Wanssum,Limburg
Wapenveld,Gelderland
Wapse,Drenthe
Wapserveen,Drenthe
Warga / Wergea,Fryslân
Warmenhuizen,Noord-Holland
Warmond,Zuid-Holland
Warns,Fryslân
Warnsveld,Gelderland
Warstiens,Fryslân
Wartena / Warten,Fryslân
Waskemeer / Waskemar,Fryslân
Waspik,Noord-Brabant
Wassenaar,Zuid-Holland
Wateren,Drenthe
Watergang,Noord-Holland
Waterhuizen,Groningen
Wateringen,Zuid-Holland
Waterlandkerkje,Zeeland
Waverveen,Utrecht
Wedde,Groningen
Weerselo,Overijssel
Weert,Limburg
Weesp,Noord-Holland
Wehe-den Hoorn,Groningen
Wehl,Gelderland
Weidum,Fryslân
Wekerom,Gelderland
Well,Limburg
Well,Gelderland
Wellerlooi,Limburg
Welsum,Overijssel
Wemeldinge,Zeeland
Wenum Wiesel,Gelderland
Werkendam,Noord-Brabant
Werkhoven,Utrecht
Wernhout,Noord-Brabant
Wervershoof,Noord-Holland
Wesepe,Overijssel
Wessem,Limburg
Westzaan,Noord-Holland
Wetering,Overijssel
Weteringbrug,Noord-Holland
Wetsens / Wetzens,Fryslân
Wetsinge,Groningen
Weurt,Gelderland
Wezep,Gelderland
Wezup,Drenthe
Wezuperbrug,Drenthe
Wichmond,Gelderland
Wier,Fryslân
Wierden,Overijssel
Wieringerwerf,Noord-Holland
Wierum,Fryslân
Wierum,Groningen
Wijchen,Gelderland
Wijckel / Wikel,Fryslân
Wijdenes,Noord-Holland
Wijdewormer,Noord-Holland
Wijhe,Overijssel
de Wijk,Drenthe
Wijk aan Zee,Noord-Holland
Wijk bij Duurstede,Utrecht
Wijk en Aalburg,Noord-Brabant
Wijlre,Limburg
Wijnaldum / Winaem,Fryslân
Wijnandsrade,Limburg
Wijnbergen,Gelderland
Wijngaarden,Zuid-Holland
Wijnjewoude / Wynjewâld,Fryslân
Wijster,Drenthe
Wilbertoord,Noord-Brabant
Wildervank,Groningen
Wilhelminadorp,Zeeland
Wilhelminaoord,Drenthe
Willemsoord,Overijssel
Willemstad,Noord-Brabant
Wilnis,Utrecht
De Wilp,Groningen
Wilp,Gelderland
Wilsum,Overijssel
Winde,Drenthe
Windraak,Limburg
Winkel,Noord-Holland
Winschoten,Groningen
Winssen,Gelderland
Winsum,Fryslân
Winsum,Groningen
Wintelre,Noord-Brabant
Winterswijk,Gelderland
Wirdum / Wurdum,Fryslân
Witmarsum / Wytmarsum,Fryslân
Wittem,Limburg
Witteveen,Drenthe
Wittewierum,Groningen
Wiuwert / Wieuwerd,Fryslân
Wjelsryp / Welsrijp,Fryslân
Woensdrecht,Noord-Brabant
Woerden,Utrecht
Woerdense Verlaat,Zuid-Holland
Wognum,Noord-Holland
Woldendorp,Groningen
Wolphaartsdijk,Zeeland
Wolsum,Fryslân
Woltersum,Groningen
Wolvega / Wolvegea,Fryslân
Wommels,Fryslân
Wons / Wûns,Fryslân
Workum / Warkum,Fryslân
Wormer,Noord-Holland
Wormerveer,Noord-Holland
Woubrugge,Zuid-Holland
Woudenberg,Utrecht
Woudrichem,Noord-Brabant
Woudsend / Wâldsein,Fryslân
Wouw,Noord-Brabant
Wouwse Plantage,Noord-Brabant
Wyns / Wijns,Fryslân
Wytgaard / Wijtgaard,Fryslân
Wâlterswâld / Wouterswoude,Fryslân
Wânswert / Wanswerd,Fryslân
Yde,Drenthe
Yerseke,Zeeland
Ypecolsga / Ypekolsgea,Fryslân
Ysbrechtum,Fryslân
Ysselsteyn,Limburg
Zaamslag,Zeeland
Zaandam,Noord-Holland
Zaandijk,Noord-Holland
Zalk,Overijssel
Zaltbommel,Gelderland
Zandeweer,Groningen
Zandvoort,Noord-Holland
Zeddam,Gelderland
Zeegse,Drenthe
Zeeland,Noord-Brabant
Zeerijp,Groningen
Zeewolde,Flevoland
Zegge,Noord-Brabant
Zegveld,Utrecht
Zeijen,Drenthe
Zeist,Utrecht
Zelhem,Gelderland
Zenderen,Overijssel
Zennewijnen,Gelderland
Zetten,Gelderland
Zevenaar,Gelderland
Zevenbergen,Noord-Brabant
Zevenbergschen Hoek,Noord-Brabant
Zevenhoven,Zuid-Holland
Zevenhuizen,Groningen
Zevenhuizen,Zuid-Holland
Zierikzee,Zeeland
Zieuwent,Gelderland
Zijderveld,Utrecht
Zijdewind,Noord-Holland
Zoelen,Gelderland
Zoelmond,Gelderland
Zoetermeer,Zuid-Holland
Zoeterwoude,Zuid-Holland
Zonnemaire,Zeeland
Zonnewijnen,Gelderland
Zorgvlied,Drenthe
Zoutelande,Zeeland
Zoutkamp,Groningen
Zuid-Beijerland,Zuid-Holland
Zuid-Scharwoude,Noord-Holland
Zuidbroek,Groningen
Zuiddorpe,Zeeland
Zuidhorn,Groningen
Zuidlaarderveen,Drenthe
Zuidland,Zuid-Holland
Zuidlaren,Drenthe
Zuidveen,Overijssel
Zuidveld,Drenthe
Zuidvelde,Drenthe
Zuidwolde,Groningen
Zuidwolde,Drenthe
Zuidzande,Zeeland
Zuilichem,Gelderland
Zuna,Overijssel
Zundert,Noord-Brabant
Zurich / Surch,Fryslân
Zutphen,Gelderland
Zuurdijk,Groningen
Zwaag,Noord-Holland
Zwaagdijk-Oost,Noord-Holland
Zwaagdijk-West,Noord-Holland
Zwammerdam,Zuid-Holland
Zwartewaal,Zuid-Holland
Zwartsluis,Overijssel
Zweeloo,Drenthe
Zwiggelte,Drenthe
Zwijndrecht,Zuid-Holland
Zwinderen,Drenthe
Zwolle,Overijssel
